url,Main-Image,Add-Image-1,Add-Image-2,Add-Image-3,Add-Image-4,Add-Image-5,Add-Image-6,Add-Image-7,Add-Image-8,Add-Image-9
https://gorecon.com/product/ford-f150-18-19-acrylic-emblem-inserts-in-black/,https://gorecon.com/wp-content/uploads/2018/12/264382BK_OT_1-1.jpg,https://gorecon.com/wp-content/uploads/2018/12/264382BK_2000x2000.jpg,,,,,,,,
https://gorecon.com/product/ford-f150-18-19-acrylic-emblem-inserts-in-blue/,https://gorecon.com/wp-content/uploads/2018/12/264382BL_OT_1-1.jpg,https://gorecon.com/wp-content/uploads/2018/12/264382BL_2000x2000.jpg,,,,,,,,
https://gorecon.com/product/ford-f150-18-19-acrylic-emblem-inserts-in-chrome/,https://gorecon.com/wp-content/uploads/2018/12/264382CH_OT_2-1.jpg,https://gorecon.com/wp-content/uploads/2018/12/264382WH_2000x2000.jpg,,,,,,,,
https://gorecon.com/product/ford-super-duty-18-19-acrylic-emblem-inserts-in-carbon-fiber/,https://gorecon.com/wp-content/uploads/2018/12/264382BK_OT_1-1.jpg,https://gorecon.com/wp-content/uploads/2018/12/264382CF_2000x2000.jpg,,,,,,,,
https://gorecon.com/product/ford-super-duty-18-19-acrylic-emblem-inserts-in-red/,https://gorecon.com/wp-content/uploads/2018/12/264382RD_OT_1-1.jpg,https://gorecon.com/wp-content/uploads/2018/12/264382RD_2000x2000.jpg,,,,,,,,
https://gorecon.com/product/ford-super-duty-18-19-acrylic-emblem-inserts-in-yellow/,https://gorecon.com/wp-content/uploads/2018/12/264382YL_OT_1-1.jpg,https://gorecon.com/wp-content/uploads/2018/12/264382YL_2000x2000.jpg,,,,,,,,
https://gorecon.com/product/recon-264382wh-ford-18-19-f-150-raised-logo-acrylic-emblem-insert-1-piece-for-tailgate-white/,https://gorecon.com/wp-content/uploads/2018/12/264382CH_OT_1-1.jpg,https://gorecon.com/wp-content/uploads/2018/12/264382CH_2000x2000.jpg,,,,,,,,
https://gorecon.com/product/ford-super-duty-17-19-acrylic-emblem-inserts-in-black/,https://gorecon.com/wp-content/uploads/2017/11/264381BK_OT_V3.jpg,https://gorecon.com/wp-content/uploads/2019/01/264381BK_O1_2000x2000_WH.jpg,https://gorecon.com/wp-content/uploads/2019/01/264381BK.jpeg,https://gorecon.com/wp-content/uploads/2017/11/264381BK_OT_V4.jpg,https://gorecon.com/wp-content/uploads/2017/11/264381BK_OT_V2.jpg,https://gorecon.com/wp-content/uploads/2017/11/264381BK_OT_V1.jpg,https://gorecon.com/wp-content/uploads/2017/11/01_264381_Before.jpg,https://gorecon.com/wp-content/uploads/2017/11/01_264381_After.jpg,,
https://gorecon.com/product/ford-super-duty-17-19-acrylic-emblem-inserts-in-pink/,https://gorecon.com/wp-content/uploads/2017/11/264381PK_2000x2000_01.jpg,,,,,,,,,
https://gorecon.com/product/ford-super-duty-17-19-acrylic-emblem-inserts-in-blue/,https://gorecon.com/wp-content/uploads/2017/11/264381BL_O1_2000x2000.png,,,,,,,,,
https://gorecon.com/product/ford-super-duty-17-19-acrylic-emblem-inserts-in-chrome/,https://gorecon.com/wp-content/uploads/2017/11/264381CH_O2_2000x2000-1.png,,,,,,,,,
https://gorecon.com/product/ford-super-duty-17-19-acrylic-emblem-inserts-black-front-chrome-interior/,https://gorecon.com/wp-content/uploads/2017/11/264381CH_O2_2000x2000-1.png,,,,,,,,,
https://gorecon.com/product/ford-super-duty-17-19-acrylic-emblem-inserts-in-desert-camo/,https://gorecon.com/wp-content/uploads/2017/11/264381DC_O1_2000x2000-1.png,,,,,,,,,
https://gorecon.com/product/ford-super-duty-17-19-acrylic-emblem-inserts-in-green-camo/,https://gorecon.com/wp-content/uploads/2017/11/264381GC_O1_2000x2000.png,,,,,,,,,
https://gorecon.com/product/ford-super-duty-17-19-acrylic-emblem-inserts-in-red/,https://gorecon.com/wp-content/uploads/2017/11/264381RD_O1_2000x2000_WH.png,,,,,,,,,
https://gorecon.com/product/ford-super-duty-17-19-acrylic-emblem-inserts-in-white/,https://gorecon.com/wp-content/uploads/2017/11/264381WH_O1_2000x2000_WH-1.jpg,https://gorecon.com/wp-content/uploads/2017/11/01_264381_Before.jpg,https://gorecon.com/wp-content/uploads/2017/11/01_264381_After.jpg,,,,,,,
https://gorecon.com/product/ford-super-duty-17-19-acrylic-emblem-inserts-in-white-camo/,https://gorecon.com/wp-content/uploads/2017/11/264381WC_O1_2000x2000-1.png,,,,,,,,,
https://gorecon.com/product/ford-super-duty-17-19-acrylic-emblem-inserts-in-yellow/,https://gorecon.com/wp-content/uploads/2017/11/264381YL_O1_2000x2000_WH-1.jpg,,,,,,,,,
https://gorecon.com/product/ford-super-duty-17-19-acrylic-emblem-inserts-in-carbon-fiber/,https://gorecon.com/wp-content/uploads/2017/11/264381CF_O1_2000x2000_WH.jpg,,,,,,,,,
https://gorecon.com/product/ford-super-duty-08-16-acrylic-emblem-inserts-black-front-chrome-interior/,https://gorecon.com/wp-content/uploads/2017/11/264181CH.png,,,,,,,,,
https://gorecon.com/product/ford-super-duty-08-16-acrylic-emblem-inserts-in-black/,https://gorecon.com/wp-content/uploads/2017/11/264181BK.png,,,,,,,,,
https://gorecon.com/product/ford-super-duty-08-16-acrylic-emblem-inserts-in-chrome/,https://gorecon.com/wp-content/uploads/2017/11/264181CH.png,,,,,,,,,
https://gorecon.com/product/ford-super-duty-08-16-acrylic-emblem-inserts-in-pink/,https://gorecon.com/wp-content/uploads/2017/11/264181PK_2000x2000_01.jpg,,,,,,,,,
https://gorecon.com/product/ford-super-duty-08-16-acrylic-emblem-inserts-in-red/,https://gorecon.com/wp-content/uploads/2017/11/264181RD.png,,,,,,,,,
https://gorecon.com/product/ford-super-duty-08-16-acrylic-emblem-inserts-in-carbon-fiber/,,,,,,,,,,
https://gorecon.com/product/ford-super-duty-08-16-acrylic-emblem-inserts-in-white/,https://gorecon.com/wp-content/uploads/2017/11/264181WH.png,,,,,,,,,
https://gorecon.com/product/ford-super-duty-08-16-acrylic-emblem-inserts-in-white-camo/,https://gorecon.com/wp-content/uploads/2017/11/264181WC.png,https://gorecon.com/wp-content/uploads/2017/11/264181DC_1O_2000x2000_WH_Images.jpg,https://gorecon.com/wp-content/uploads/2017/11/264181DC_2O_2000x2000_WH_Images.jpg,,,,,,,
https://gorecon.com/product/ford-super-duty-08-16-acrylic-emblem-inserts-in-green-camo/,https://gorecon.com/wp-content/uploads/2017/11/264181GC.png,https://gorecon.com/wp-content/uploads/2017/11/264181DC_2O_2000x2000_WH_Images.jpg,https://gorecon.com/wp-content/uploads/2017/11/264181DC_3O_2000x2000_BL_Images-1.jpg,https://gorecon.com/wp-content/uploads/2017/11/264181DC_1O_2000x2000_WH_Images.jpg,,,,,,
https://gorecon.com/product/ford-super-duty-08-16-acrylic-emblem-inserts-in-yellow/,https://gorecon.com/wp-content/uploads/2017/11/264181YL.png,,,,,,,,,
https://gorecon.com/product/ford-super-duty-08-16-acrylic-emblem-inserts-in-blue/,https://gorecon.com/wp-content/uploads/2017/11/264181BL.png,https://gorecon.com/wp-content/uploads/2017/11/DSC_0017_Images-1.jpg,,,,,,,,
https://gorecon.com/product/ford-super-duty-08-16-acrylic-emblem-inserts-in-desert-camo/,https://gorecon.com/wp-content/uploads/2017/11/264181DC.png,https://gorecon.com/wp-content/uploads/2017/11/264181DC_1O_2000x2000_WH_Images.jpg,https://gorecon.com/wp-content/uploads/2017/11/264181DC_2O_2000x2000_WH_Images.jpg,https://gorecon.com/wp-content/uploads/2017/11/264181DC_2O_2000x2000_BL_Images.jpg,https://gorecon.com/wp-content/uploads/2017/11/264181DC_3O_2000x2000_BL_Images-1.jpg,https://gorecon.com/wp-content/uploads/2017/11/264181DC_3O_2000x2000_WH_Images.jpg,,,,
https://gorecon.com/product/toyota-tundra-14-19-acrylic-emblem-inserts-in-black/,https://gorecon.com/wp-content/uploads/2017/11/264281BK_1O_2000x2000_WH-1.jpg,https://gorecon.com/wp-content/uploads/2017/11/264281BK_2O_2000x2000_WH-1.jpg,https://gorecon.com/wp-content/uploads/2017/11/264281BK_3O_2000x2000_WH-1.jpg,https://gorecon.com/wp-content/uploads/2017/11/264281BK_4O_2000x2000_WH-1.jpg,https://gorecon.com/wp-content/uploads/2017/11/264281BK_5O_2000x2000_WH-1.jpg,https://gorecon.com/wp-content/uploads/2017/11/264281BK_6O_2000x2000_WH-1.jpg,,,,
https://gorecon.com/product/toyota-tundra-14-17-raised-logo-acrylic-emblem-insert-1-piece-for-tailgate-only-blue/,,,,,,,,,,
https://gorecon.com/product/toyota-tundra-14-19-acrylic-emblem-inserts-in-carbon-fiber/,https://gorecon.com/wp-content/uploads/2017/11/264281CF_1O_2000x2000_WH.jpg,https://gorecon.com/wp-content/uploads/2017/11/264281CF_2O_2000x2000_WH.jpg,https://gorecon.com/wp-content/uploads/2017/11/264281CF_3O_2000x2000_WH.jpg,https://gorecon.com/wp-content/uploads/2017/11/264281CF_4O_2000x2000_WH.jpg,https://gorecon.com/wp-content/uploads/2017/11/264281CF_5O_2000x2000_WH.jpg,https://gorecon.com/wp-content/uploads/2017/11/264281CF_6O_2000x2000_WH.jpg,,,,
https://gorecon.com/product/toyota-tundra-14-19-acrylic-emblem-inserts-in-chrome/,https://gorecon.com/wp-content/uploads/2017/11/264281CH_2O_2000x2000_WH.jpg,https://gorecon.com/wp-content/uploads/2017/11/264281CH_3O_2000x2000_WH.jpg,https://gorecon.com/wp-content/uploads/2017/11/264281CH_4O_2000x2000_WH.jpg,https://gorecon.com/wp-content/uploads/2017/11/264281CH_5O_2000x2000_WH.jpg,https://gorecon.com/wp-content/uploads/2017/11/264281CH_6O_2000x2000_WH.jpg,https://gorecon.com/wp-content/uploads/2017/11/264281CH_7O_2000x2000_WH.jpg,https://gorecon.com/wp-content/uploads/2017/11/264281CH_1O_2000x2000_WH.jpg,,,
https://gorecon.com/product/toyota-tundra-14-19-acrylic-emblem-inserts-in-red/,https://gorecon.com/wp-content/uploads/2017/11/264281RD_1O_2000x2000_WH-1.jpg,https://gorecon.com/wp-content/uploads/2017/11/264281RD_2O_2000x2000_WH-1.jpg,https://gorecon.com/wp-content/uploads/2017/11/264281RD_3O_2000x2000_WH-1.jpg,https://gorecon.com/wp-content/uploads/2017/11/264281RD_4O_2000x2000_WH-1.jpg,https://gorecon.com/wp-content/uploads/2017/11/264281RD_5O_2000x2000_WH-1.jpg,https://gorecon.com/wp-content/uploads/2017/11/264281RD_6O_2000x2000_WH-1.jpg,,,,
